user_id,group,load_speed,converted,purchase_amount
1,Control,1.740531715,0,0
2,Test,3.16760379,0,0
3,Control,4.491783344,0,0
4,Control,3.928899546,0,0
5,Control,4.226244591,0,0
6,Test,3.635133467,1,60.66
7,Control,3.769106258,1,50.36
8,Control,4.396782606,0,0
9,Control,1.998672035,0,0
10,Test,2.957699855,0,0
11,Control,1.884837767,0,0
12,Control,4.950672032,0,0
13,Control,4.776237359,0,0
14,Control,1.157707245,0,0
15,Test,3.82230069,0,0
16,Control,4.70099327,0,0
17,Test,1.722301381,0,0
18,Test,3.271780922,0,0
19,Test,4.66195319,0,0
20,Control,1.135783914,0,0
21,Test,3.789681069,0,0
22,Control,2.189396029,0,0
23,Test,4.697584782,0,0
24,Test,4.884232981,0,0
25,Test,4.777065956,0,0
26,Test,2.896856867,0,0
27,Test,4.448170604,1,53.46
28,Test,4.378197594,0,0
29,Test,2.276401893,0,0
30,Test,4.315661897,0,0
31,Control,1.148030539,0,0
32,Control,3.385079514,0,0
33,Test,1.920035349,0,0
34,Test,1.482267543,0,0
35,Test,1.307812807,0,0
36,Control,3.785155104,0,0
37,Test,2.359499855,0,0
38,Control,3.899067086,1,65.58
39,Control,1.261425363,0,0
40,Control,2.261161351,0,0
41,Control,3.15796517,0,0
42,Control,4.162892659,1,61.06
43,Test,2.275010012,0,0
44,Test,3.503565506,0,0
45,Test,4.543910993,0,0
46,Test,3.463452753,0,0
47,Test,1.931837899,0,0
48,Control,1.097603126,0,0
49,Test,4.480395496,0,0
50,Test,1.085077643,0,0
51,Control,4.498806691,0,0
52,Test,3.115748536,0,0
53,Control,4.756270794,0,0
54,Test,4.195132943,0,0
55,Control,4.991736442,0,0
56,Test,2.402847262,1,78.11
57,Test,4.068753156,0,0
58,Control,2.607723654,0,0
59,Control,2.919502481,0,0
60,Control,3.510021853,1,63.5
61,Control,4.494708457,0,0
62,Control,4.936333877,0,0
63,Control,4.073093655,0,0
64,Control,2.671067129,0,0
65,Control,2.685428009,0,0
66,Test,3.950329206,0,0
67,Test,1.955108583,0,0
68,Control,1.441896453,1,79.19
69,Test,2.418488631,0,0
70,Test,2.148955967,0,0
71,Test,2.185232482,0,0
72,Test,1.934431004,0,0
73,Control,1.168372759,0,0
74,Test,1.071495739,0,0
75,Control,4.950889559,0,0
76,Test,2.711092535,1,75.47
77,Test,2.537306589,1,70.46
78,Test,3.718589131,0,0
79,Control,1.873015551,0,0
80,Test,4.799844736,1,62.92
81,Control,4.145380058,0,0
82,Test,1.357644009,1,89.28
83,Control,2.670323103,0,0
84,Test,4.51647323,0,0
85,Control,4.778928089,0,0
86,Control,2.869606045,0,0
87,Test,3.453645557,0,0
88,Control,1.668135784,0,0
89,Test,4.964674505,0,0
90,Test,1.926686806,0,0
91,Test,4.770927097,0,0
92,Test,3.598586596,1,61.11
93,Test,3.43094718,0,0
94,Test,3.050754044,1,66.44
95,Test,1.922679247,0,0
96,Test,1.706112128,0,0
97,Test,1.881944836,1,80.72
98,Test,1.745753049,0,0
99,Test,4.118337894,0,0
100,Control,2.400501037,0,0
101,Control,1.231370706,0,0
102,Test,4.876410521,0,0
103,Test,4.53514354,1,53.45
104,Test,4.711009133,0,0
105,Test,4.979631291,0,0
106,Test,1.695580997,0,0
107,Test,2.584968076,0,0
108,Test,4.032953903,0,0
109,Test,3.784082472,0,0
110,Control,1.615583625,0,0
111,Test,4.2633325,0,0
112,Control,1.897762287,0,0
113,Test,1.895270459,0,0
114,Test,3.147897692,0,0
115,Control,3.371759739,0,0
116,Test,3.320344831,1,72.38
117,Control,1.36594735,0,0
118,Test,4.509843451,0,0
119,Test,2.06240017,0,0
120,Control,1.518059685,0,0
121,Test,4.554992319,0,0
122,Control,4.822605993,0,0
123,Test,4.448510469,0,0
124,Control,4.238064299,0,0
125,Control,3.620967923,0,0
126,Test,3.203429482,0,0
127,Test,1.34794704,0,0
128,Control,2.633812852,0,0
129,Test,2.490754068,1,76.02
130,Test,2.039015135,1,75.95
131,Test,3.893680455,1,70.52
132,Control,2.98350294,0,0
133,Control,1.324184864,1,87
134,Control,1.880732808,0,0
135,Control,3.733035055,0,0
136,Control,1.304523438,0,0
137,Control,4.404827656,0,0
138,Control,2.980586108,0,0
139,Control,2.922346309,0,0
140,Control,3.369631139,0,0
141,Test,4.298723864,0,0
142,Control,2.391236832,1,79.93
143,Test,3.71206461,0,0
144,Test,3.262927856,0,0
145,Test,2.068113081,0,0
146,Control,4.514519945,0,0
147,Control,4.189704086,1,55.06
148,Control,3.633807339,0,0
149,Control,4.402326916,0,0
150,Test,4.469176804,0,0
151,Control,3.833451907,0,0
152,Control,4.348053313,0,0
153,Control,3.789885847,0,0
154,Control,3.720563087,0,0
155,Control,3.474445513,0,0
156,Test,4.010866558,0,0
157,Control,1.634420421,1,85.47
158,Test,4.523483037,0,0
159,Control,4.487374111,0,0
160,Test,1.116989132,0,0
161,Control,4.303267002,0,0
162,Control,1.51547947,0,0
163,Test,2.340475417,0,0
164,Test,3.974033025,0,0
165,Test,1.643039584,0,0
166,Control,4.271868096,0,0
167,Test,4.328536712,1,58.27
168,Control,3.029870935,0,0
169,Control,1.025543487,0,0
170,Test,2.148152533,0,0
171,Test,3.467707674,0,0
172,Control,4.924744712,0,0
173,Control,3.527254108,0,0
174,Test,2.039214324,0,0
175,Test,3.536022812,0,0
176,Test,3.159941519,0,0
177,Control,4.119381581,0,0
178,Control,1.427922555,1,76.27
179,Control,4.04411161,0,0
180,Control,3.165066315,0,0
181,Control,4.851968015,0,0
182,Control,2.367488664,0,0
183,Test,3.530487573,0,0
184,Control,4.728112422,0,0
185,Control,1.410038912,0,0
186,Control,4.748913949,0,0
187,Test,3.751542889,0,0
188,Control,1.271348236,0,0
189,Control,2.203854268,0,0
190,Test,3.832688355,0,0
191,Control,1.269402406,0,0
192,Control,3.328681841,1,76.79
193,Control,2.383532228,1,82.62
194,Control,3.483662071,0,0
195,Control,1.182968135,0,0
196,Test,4.486147225,0,0
197,Test,4.893955877,1,49.07
198,Test,4.875511421,1,45.73
199,Control,3.998607327,0,0
200,Control,1.520344961,0,0
201,Control,4.033052784,0,0
202,Test,1.098347666,0,0
203,Control,1.088494206,0,0
204,Control,2.294440877,0,0
205,Test,2.954572762,0,0
206,Control,4.081629671,0,0
207,Test,3.733181506,1,64.41
208,Test,2.783610826,0,0
209,Test,2.094506665,0,0
210,Control,4.988498001,0,0
211,Control,2.704725209,0,0
212,Control,2.805548097,0,0
213,Control,1.654495285,0,0
214,Control,4.179238195,0,0
215,Control,3.774728903,0,0
216,Control,1.883078451,0,0
217,Test,1.329524182,0,0
218,Control,3.721997208,0,0
219,Test,3.618044857,0,0
220,Control,2.093038108,0,0
221,Control,4.803454249,0,0
222,Control,1.604231567,0,0
223,Test,2.729339204,0,0
224,Test,4.774463681,0,0
225,Test,2.678909268,0,0
226,Test,3.554103791,1,64.89
227,Control,2.590377592,0,0
228,Test,2.096860809,0,0
229,Control,4.935910592,0,0
230,Control,2.637336025,0,0
231,Test,4.576396815,0,0
232,Test,1.919818424,0,0
233,Test,1.852418816,0,0
234,Test,1.124536332,0,0
235,Test,3.606667302,0,0
236,Test,2.474105375,0,0
237,Test,4.457432999,0,0
238,Test,2.892839627,1,72.85
239,Control,4.872773712,0,0
240,Test,1.742102063,0,0
241,Test,4.474492672,0,0
242,Control,4.106387411,0,0
243,Test,4.083687379,0,0
244,Control,4.379132912,0,0
245,Control,4.044095964,0,0
246,Test,3.504881287,0,0
247,Control,1.524979511,0,0
248,Control,1.130104718,0,0
249,Control,4.683391391,0,0
250,Control,3.466601258,0,0
251,Test,4.186149164,0,0
252,Control,2.926089406,0,0
253,Test,1.469232756,0,0
254,Control,1.500743169,0,0
255,Control,3.742261149,0,0
256,Control,2.72122358,0,0
257,Control,1.802098907,0,0
258,Test,2.966378187,0,0
259,Test,1.256835748,0,0
260,Control,3.327885608,1,67.68
261,Control,2.075973618,0,0
262,Test,4.190236403,0,0
263,Control,2.241447836,0,0
264,Control,2.820880596,0,0
265,Control,1.04648216,0,0
266,Test,1.289787551,0,0
267,Test,2.569974226,0,0
268,Test,2.919755339,0,0
269,Control,3.400082192,0,0
270,Control,2.166650315,0,0
271,Test,3.779927545,0,0
272,Test,4.440489589,0,0
273,Test,4.119403956,0,0
274,Test,1.158475301,0,0
275,Control,2.922027789,0,0
276,Test,1.419720714,1,88.33
277,Control,1.968180063,0,0
278,Test,4.946650373,0,0
279,Control,1.569982172,0,0
280,Test,2.995552614,0,0
281,Test,3.472622937,0,0
282,Test,3.809859882,0,0
283,Test,3.238594734,1,74.85
284,Control,1.03908339,1,92.45
285,Test,2.305845233,0,0
286,Control,3.070846574,0,0
287,Control,1.351465997,0,0
288,Control,2.402507725,0,0
289,Control,1.132812435,1,83.42
290,Test,1.314313989,0,0
291,Control,2.587693105,0,0
292,Control,1.530863016,0,0
293,Control,3.270163393,0,0
294,Test,3.757859877,0,0
295,Test,4.202346796,1,64.79
296,Test,1.800600977,0,0
297,Test,1.669930329,0,0
298,Control,1.418271361,0,0
299,Control,3.545720998,0,0
300,Test,3.825902906,1,69.94
301,Control,1.126344579,0,0
302,Control,4.744848985,1,68.31
303,Control,1.207885135,0,0
304,Test,3.165185341,0,0
305,Test,3.836242078,0,0
306,Control,4.483876495,0,0
307,Test,3.856347729,0,0
308,Test,4.206912332,0,0
309,Test,2.35780077,0,0
310,Test,4.259300455,0,0
311,Test,1.320459386,0,0
312,Control,4.579266624,0,0
313,Test,3.190369505,0,0
314,Control,4.26919108,0,0
315,Control,2.809273138,0,0
316,Test,3.574310781,0,0
317,Control,3.105610644,0,0
318,Control,3.926358087,0,0
319,Control,1.326519928,0,0
320,Test,1.241408336,0,0
321,Test,1.988412936,0,0
322,Control,1.63817872,0,0
323,Test,4.487134266,0,0
324,Test,1.876855949,0,0
325,Test,4.903461023,0,0
326,Test,2.347583167,0,0
327,Control,1.728471663,0,0
328,Control,4.158794029,0,0
329,Test,3.634831102,0,0
330,Test,2.992782866,0,0
331,Control,3.221454204,0,0
332,Control,3.876807113,0,0
333,Test,1.913818965,0,0
334,Control,4.985335664,0,0
335,Test,4.899172649,1,45.39
336,Test,3.601302745,0,0
337,Control,1.798169804,1,83.23
338,Control,3.72091297,0,0
339,Test,1.288793636,0,0
340,Test,1.122610009,0,0
341,Control,2.030731554,1,69.28
342,Test,2.850491827,0,0
343,Control,4.473090022,0,0
344,Test,3.908676279,0,0
345,Control,3.970826085,0,0
346,Control,2.701973338,0,0
347,Control,2.38373997,0,0
348,Test,2.484155052,0,0
349,Test,4.950598255,0,0
350,Control,1.160436766,0,0
351,Test,4.468125984,0,0
352,Control,3.314701634,0,0
353,Control,2.754461677,1,75.22
354,Test,3.901030642,0,0
355,Test,2.946675766,0,0
356,Control,4.493692952,0,0
357,Test,4.602807456,0,0
358,Test,2.686883707,0,0
359,Control,2.107311189,0,0
360,Control,3.369401314,0,0
361,Test,4.649453382,0,0
362,Control,1.842648756,0,0
363,Control,3.491866334,0,0
364,Test,3.52624088,0,0
365,Control,3.93245209,1,57.93
366,Control,1.526270741,0,0
367,Test,3.863299859,0,0
368,Test,4.636130083,0,0
369,Control,1.718732435,0,0
370,Control,1.9501733,0,0
371,Test,4.885580376,0,0
372,Test,1.723907811,0,0
373,Test,4.417540373,0,0
374,Test,2.969111426,0,0
375,Control,1.988924298,0,0
376,Test,4.482999605,0,0
377,Test,2.78122102,0,0
378,Control,3.059269416,0,0
379,Test,2.436933478,0,0
380,Control,3.371803406,0,0
381,Test,1.65409549,0,0
382,Test,2.564326147,0,0
383,Test,4.877649289,0,0
384,Control,2.032533731,0,0
385,Control,3.626946658,0,0
386,Test,2.300760257,1,86.61
387,Control,4.093892503,0,0
388,Control,1.523494643,0,0
389,Control,4.87928418,0,0
390,Control,2.815158166,0,0
391,Control,1.944201853,0,0
392,Control,1.293986989,1,83.19
393,Test,1.67903162,1,74.76
394,Test,3.079095794,0,0
395,Control,2.348012706,1,74.16
396,Test,4.315533464,1,46.97
397,Test,2.723550095,1,76.52
398,Test,1.99485709,1,69.73
399,Test,3.468579946,0,0
400,Control,3.827108868,0,0
401,Test,1.668167632,0,0
402,Test,1.670476865,0,0
403,Control,1.146685708,1,88.68
404,Control,3.94560806,0,0
405,Test,3.65521811,0,0
406,Test,2.898523503,1,60.63
407,Test,4.376681796,1,54.63
408,Test,4.222680612,1,65.99
409,Test,3.341417458,0,0
410,Test,4.473085122,0,0
411,Control,1.82336484,0,0
412,Test,1.447678478,0,0
413,Test,2.078998446,0,0
414,Control,1.228347424,0,0
415,Control,3.124678112,0,0
416,Control,4.746422769,0,0
417,Control,1.157374163,0,0
418,Test,1.488439656,0,0
419,Test,2.808796113,0,0
420,Test,4.73550007,0,0
421,Test,2.26462442,0,0
422,Test,3.028939235,0,0
423,Test,1.166291436,0,0
424,Control,1.593372804,0,0
425,Test,4.946520492,1,52.34
426,Control,4.860474786,0,0
427,Control,1.019759924,0,0
428,Test,4.807247142,0,0
429,Control,3.556479751,0,0
430,Test,4.471673178,0,0
431,Control,2.818959423,0,0
432,Test,3.062384114,1,65.06
433,Control,2.955386321,0,0
434,Test,3.66745703,0,0
435,Test,1.558605019,0,0
436,Test,1.119894359,0,0
437,Test,2.231719766,0,0
438,Test,3.818723051,0,0
439,Control,1.807413808,1,81.77
440,Control,3.693729733,1,63.15
441,Control,4.879648184,0,0
442,Test,1.375602863,0,0
443,Control,3.690408473,0,0
444,Test,2.775000877,1,74.61
445,Test,4.472569018,1,48.44
446,Control,1.708599158,0,0
447,Control,3.770503809,0,0
448,Test,4.352461159,0,0
449,Control,4.778456878,0,0
450,Test,3.732992113,0,0
451,Test,2.988699056,0,0
452,Test,3.471388961,0,0
453,Test,4.475619938,0,0
454,Test,3.282438987,0,0
455,Control,1.121548239,1,91.75
456,Control,4.723794782,0,0
457,Test,3.758107004,0,0
458,Test,3.706053543,0,0
459,Control,1.86270061,0,0
460,Control,3.635541881,0,0
461,Test,2.575457623,0,0
462,Control,3.604931908,0,0
463,Test,1.426372121,0,0
464,Control,3.631381218,0,0
465,Test,4.997654903,0,0
466,Control,1.192848155,0,0
467,Test,4.908696737,0,0
468,Control,2.627631843,0,0
469,Control,4.483013801,0,0
470,Test,4.129541936,0,0
471,Control,3.268065044,0,0
472,Test,3.953796837,0,0
473,Control,4.514062245,0,0
474,Test,2.616561287,0,0
475,Control,2.308132646,0,0
476,Test,3.670373542,1,49.77
477,Control,4.231383768,1,54.54
478,Test,4.049140539,0,0
479,Control,4.191254595,0,0
480,Test,2.742333259,0,0
481,Test,4.271336865,0,0
482,Test,1.480836221,0,0
483,Control,3.177956392,0,0
484,Test,1.023034642,1,87.33
485,Control,2.29834332,0,0
486,Test,2.465846139,0,0
487,Control,2.584690766,0,0
488,Test,3.781868827,0,0
489,Control,2.554232405,0,0
490,Control,2.79477449,0,0
491,Test,1.950176523,0,0
492,Control,2.493007167,0,0
493,Control,1.909078509,1,84.08
494,Test,1.292783695,1,87.19
495,Control,3.413794374,0,0
496,Control,3.672851194,0,0
497,Control,3.477961384,0,0
498,Test,2.853976175,1,64.43
499,Control,2.519143121,0,0
500,Test,4.453334598,0,0
501,Control,3.076327141,0,0
502,Control,2.916727511,0,0
503,Control,1.102568263,1,84.05
504,Test,2.364991311,0,0
505,Control,2.520782475,1,75.79
506,Control,2.595291124,0,0
507,Test,3.320689477,1,66.4
508,Control,3.134410187,0,0
509,Test,3.431620371,1,62.79
510,Test,4.059533046,0,0
511,Control,4.251942955,0,0
512,Test,3.872492305,0,0
513,Control,4.822094784,1,49.37
514,Test,1.072930331,1,92.75
515,Test,1.783111943,1,79.58
516,Control,1.0302515,1,89.26
517,Test,3.589898857,0,0
518,Test,4.592122196,0,0
519,Test,1.973929186,0,0
520,Test,4.708138179,0,0
521,Test,1.241069561,0,0
522,Control,4.737744107,0,0
523,Test,2.406490749,0,0
524,Control,1.405683314,0,0
525,Test,2.943487037,0,0
526,Control,2.027106271,0,0
527,Control,2.139491608,1,89.45
528,Test,2.22915986,0,0
529,Test,4.212103591,1,50.76
530,Test,3.156645107,0,0
531,Control,2.245230797,0,0
532,Test,3.441335133,0,0
533,Control,3.864602697,0,0
534,Control,2.090496003,0,0
535,Control,2.654196406,0,0
536,Test,1.487544373,0,0
537,Test,1.724597398,0,0
538,Control,3.724471416,0,0
539,Control,1.725753391,0,0
540,Test,3.100653535,0,0
541,Control,3.836185047,0,0
542,Test,1.427507692,1,76.47
543,Control,3.269248879,0,0
544,Test,2.026251135,0,0
545,Control,4.851707501,0,0
546,Test,2.934182587,0,0
547,Control,4.223970199,0,0
548,Test,3.200906169,0,0
549,Test,1.173650131,0,0
550,Control,3.532605502,0,0
551,Control,4.805613369,0,0
552,Test,3.406447281,0,0
553,Control,4.276755438,0,0
554,Test,4.536825853,0,0
555,Control,1.912319088,0,0
556,Test,1.84817936,0,0
557,Test,3.443923955,0,0
558,Test,2.644113879,0,0
559,Test,4.359445211,0,0
560,Test,4.600092494,0,0
561,Test,2.413685517,0,0
562,Control,1.947482236,0,0
563,Control,4.122102061,0,0
564,Control,2.099224142,0,0
565,Test,4.290457274,0,0
566,Test,2.694953015,0,0
567,Test,3.670199597,0,0
568,Test,1.382141255,0,0
569,Control,3.495437299,0,0
570,Control,2.807070715,0,0
571,Test,3.346433853,0,0
572,Control,1.672056831,0,0
573,Control,3.94749498,0,0
574,Test,4.45118831,1,59.41
575,Control,1.8669592,1,77.94
576,Test,1.382858222,0,0
577,Control,1.094554344,0,0
578,Test,3.567886002,0,0
579,Test,3.428376144,0,0
580,Test,3.186789651,0,0
581,Test,1.927788384,0,0
582,Control,2.563623984,0,0
583,Test,3.377905341,0,0
584,Test,2.987067435,1,68.54
585,Test,4.951142081,0,0
586,Control,1.54575901,0,0
587,Test,3.780578216,0,0
588,Control,2.617275072,0,0
589,Test,2.71279846,0,0
590,Control,3.870391063,0,0
591,Control,3.769744605,1,58.4
592,Test,4.965023975,0,0
593,Control,1.513577158,0,0
594,Test,1.416438598,0,0
595,Test,3.897355269,0,0
596,Test,3.313547668,0,0
597,Control,2.096642666,0,0
598,Control,1.317677476,0,0
599,Test,1.342632998,0,0
600,Test,4.576763499,0,0
601,Control,1.767469299,0,0
602,Test,2.293486248,0,0
603,Test,1.906625609,0,0
604,Test,2.419985223,0,0
605,Control,1.277695371,0,0
606,Control,3.076239164,0,0
607,Control,1.270450254,0,0
608,Test,4.201426031,0,0
609,Test,1.934848328,1,79.35
610,Test,3.160047658,1,76.39
611,Control,4.52031635,0,0
612,Test,3.603509476,0,0
613,Test,3.131831146,0,0
614,Test,2.297335012,0,0
615,Test,2.332007652,0,0
616,Control,3.677947821,0,0
617,Control,4.976557445,0,0
618,Test,3.647356759,1,67.54
619,Control,3.231133669,0,0
620,Control,3.922602041,0,0
621,Test,2.860822449,0,0
622,Test,1.24056937,0,0
623,Control,3.249187264,0,0
624,Test,4.830501138,1,56.01
625,Control,1.701211769,0,0
626,Test,3.760019563,0,0
627,Control,1.803734755,0,0
628,Test,3.143310738,1,61.49
629,Control,1.386705799,0,0
630,Control,2.801483745,0,0
631,Control,4.024653316,0,0
632,Test,2.390286097,0,0
633,Control,3.659646898,0,0
634,Control,4.181799843,0,0
635,Test,4.708711278,0,0
636,Test,1.938568327,0,0
637,Control,2.597263663,1,68.27
638,Control,1.609664053,0,0
639,Test,4.969934009,0,0
640,Test,4.708003872,0,0
641,Test,3.159828521,0,0
642,Test,4.368133178,1,42.12
643,Test,3.083831909,0,0
644,Control,3.494342752,0,0
645,Test,1.356497728,0,0
646,Control,4.021081682,0,0
647,Control,1.510853935,0,0
648,Control,4.304270521,0,0
649,Test,4.128112351,0,0
650,Control,3.834978791,1,57.6
651,Control,1.144641522,0,0
652,Test,2.212513424,0,0
653,Control,2.05245028,0,0
654,Control,2.44054563,0,0
655,Test,1.350570987,0,0
656,Control,4.747831292,0,0
657,Control,3.215208963,0,0
658,Control,2.222097243,0,0
659,Test,2.587926068,0,0
660,Test,2.788810162,1,76.9
661,Test,3.402377333,0,0
662,Control,3.062717711,0,0
663,Control,4.677567893,0,0
664,Test,2.987853932,0,0
665,Control,4.968632059,0,0
666,Control,4.405699831,0,0
667,Test,1.834042057,1,84.24
668,Test,4.722380859,0,0
669,Control,1.465465592,0,0
670,Control,4.269798834,0,0
671,Control,2.522493174,0,0
672,Test,4.511897282,0,0
673,Test,4.47222676,0,0
674,Test,4.2237016,0,0
675,Test,4.160121745,0,0
676,Control,2.218716556,0,0
677,Test,1.323677132,0,0
678,Test,2.611920715,0,0
679,Test,1.69409806,1,81.95
680,Test,3.779804356,0,0
681,Test,2.384398906,0,0
682,Control,4.902440803,0,0
683,Control,3.563888309,0,0
684,Test,4.289922255,0,0
685,Control,1.530098691,0,0
686,Test,4.448057929,0,0
687,Test,4.691028762,1,52.98
688,Control,2.948247675,0,0
689,Control,3.425011751,0,0
690,Test,4.059239204,0,0
691,Test,1.699354509,1,79.56
692,Test,3.010264306,0,0
693,Control,2.594652111,0,0
694,Test,1.585495969,0,0
695,Test,2.470137689,0,0
696,Test,1.272689238,0,0
697,Control,1.103247628,1,89.99
698,Test,1.540665157,0,0
699,Test,4.852460446,1,55.3
700,Control,3.198118144,0,0
701,Test,4.863288645,0,0
702,Test,2.729991513,0,0
703,Control,2.247264532,0,0
704,Test,3.024567451,1,61.67
705,Control,2.758046755,1,73.92
706,Control,1.422658737,1,90.44
707,Test,3.563305259,0,0
708,Test,1.86415273,0,0
709,Test,3.47835182,0,0
710,Test,3.60080437,1,61.92
711,Control,1.608099413,0,0
712,Test,1.245398508,0,0
713,Control,4.123046344,0,0
714,Test,2.839201695,0,0
715,Test,1.232655182,1,91.18
716,Test,4.979465269,0,0
717,Control,1.231122244,0,0
718,Test,3.780140915,0,0
719,Test,4.934715701,0,0
720,Test,1.956720417,0,0
721,Test,1.568997475,0,0
722,Control,1.485539758,0,0
723,Test,2.21310059,1,91.94
724,Control,1.404183244,0,0
725,Control,3.768645367,0,0
726,Control,1.249167193,1,86.99
727,Control,3.037688513,0,0
728,Control,4.986787415,0,0
729,Control,4.255881078,0,0
730,Test,3.460877753,0,0
731,Control,2.225014483,0,0
732,Control,3.495583345,1,67.01
733,Control,3.108165856,0,0
734,Test,2.704333536,0,0
735,Test,1.522841507,0,0
736,Control,4.546416861,0,0
737,Test,2.799138595,0,0
738,Control,1.778490047,0,0
739,Control,2.471037404,0,0
740,Test,2.65651901,0,0
741,Control,4.310151582,1,53.21
742,Test,3.934457522,1,61.56
743,Test,4.077219575,0,0
744,Control,1.044125058,0,0
745,Control,2.664615993,0,0
746,Test,2.925376607,0,0
747,Control,1.076769107,0,0
748,Control,2.039252835,0,0
749,Control,4.041159292,0,0
750,Test,1.548438823,1,86.82
751,Test,3.141240526,1,69.56
752,Control,1.860807488,1,76.29
753,Test,1.048483099,0,0
754,Test,1.96480583,0,0
755,Test,4.90349502,0,0
756,Test,4.206148448,0,0
757,Test,4.838306577,0,0
758,Control,2.951416176,0,0
759,Control,1.438944795,0,0
760,Control,3.191837956,0,0
761,Test,2.817509338,0,0
762,Test,4.377428331,0,0
763,Control,1.392330323,0,0
764,Test,2.952964548,0,0
765,Control,1.600194659,0,0
766,Control,2.298703708,0,0
767,Control,3.94942831,0,0
768,Test,2.904072517,0,0
769,Test,2.503553141,0,0
770,Control,2.577905114,0,0
771,Control,2.837787074,0,0
772,Control,4.140066175,1,59.63
773,Control,4.568338756,0,0
774,Test,4.821338746,0,0
775,Test,4.147613545,0,0
776,Control,2.261627583,1,84.69
777,Control,3.752538824,0,0
778,Test,2.750412496,0,0
779,Test,2.018682488,0,0
780,Control,4.363486318,1,58.61
781,Control,1.153705396,0,0
782,Control,4.607047969,0,0
783,Test,2.845909858,0,0
784,Test,3.548805907,1,69.32
785,Test,3.637415689,1,62.44
786,Control,4.580470963,0,0
787,Control,3.546678729,0,0
788,Test,3.455734339,0,0
789,Test,1.266608162,0,0
790,Control,3.073632088,1,73.01
791,Test,1.600676003,0,0
792,Test,3.949735075,0,0
793,Control,3.048887683,0,0
794,Test,3.720911117,0,0
795,Control,1.166691602,0,0
796,Control,1.339168064,0,0
797,Control,3.865293552,0,0
798,Control,1.288337344,0,0
799,Control,1.285026911,0,0
800,Control,1.048433901,0,0
801,Control,4.826005593,0,0
802,Test,3.950033438,1,61.9
803,Control,2.413005634,0,0
804,Control,2.186142325,1,73.38
805,Test,2.398812919,0,0
806,Test,4.098614125,1,60.61
807,Test,3.645482444,0,0
808,Control,1.740782271,0,0
809,Test,1.696437341,0,0
810,Control,1.393582599,0,0
811,Control,3.641210879,0,0
812,Control,4.057490649,0,0
813,Control,2.060185713,0,0
814,Test,1.083779844,0,0
815,Test,1.32868667,0,0
816,Control,4.871440139,0,0
817,Control,2.18177911,0,0
818,Control,4.076892591,0,0
819,Test,3.498654275,1,60.05
820,Control,2.527758559,0,0
821,Control,1.822749049,0,0
822,Test,1.485545673,0,0
823,Test,3.460051872,1,62.24
824,Control,4.098535123,0,0
825,Test,3.575617014,0,0
826,Test,3.121208533,0,0
827,Control,1.167804894,0,0
828,Test,4.87395511,0,0
829,Control,4.194856767,0,0
830,Test,2.171288147,0,0
831,Control,4.919881317,0,0
832,Control,3.407526359,0,0
833,Control,3.329690633,0,0
834,Test,3.992292718,0,0
835,Control,4.247079152,0,0
836,Test,3.625914429,0,0
837,Control,1.512382985,1,85.82
838,Control,2.353070024,0,0
839,Test,4.712334561,1,54.36
840,Control,1.898462447,0,0
841,Control,2.488668095,0,0
842,Test,2.728307532,0,0
843,Control,2.757619959,0,0
844,Control,3.45175833,0,0
845,Control,4.772303351,0,0
846,Control,1.962770847,0,0
847,Test,1.486005505,1,79.19
848,Test,1.789881959,0,0
849,Control,4.547699601,0,0
850,Test,3.583243251,0,0
851,Control,2.143627157,0,0
852,Test,4.263787756,0,0
853,Control,4.445479985,0,0
854,Control,4.386057355,1,61.41
855,Control,4.675706135,0,0
856,Control,2.008964081,0,0
857,Control,4.020167715,0,0
858,Control,2.842157989,0,0
859,Test,4.367994212,0,0
860,Control,3.913962709,0,0
861,Test,4.105789786,1,61.8
862,Control,3.624647351,0,0
863,Test,1.709715078,0,0
864,Test,3.180107676,0,0
865,Test,4.938678958,0,0
866,Control,4.749552266,0,0
867,Control,1.172694943,0,0
868,Test,1.659259263,0,0
869,Control,1.526915094,0,0
870,Test,3.90391964,0,0
871,Control,4.271141319,0,0
872,Test,1.854045465,0,0
873,Test,3.023410772,0,0
874,Control,4.362812112,0,0
875,Test,3.931206179,0,0
876,Control,3.168948822,0,0
877,Test,3.361390762,0,0
878,Test,3.033442188,1,66.14
879,Control,2.190193805,0,0
880,Control,3.260087971,0,0
881,Control,3.755541208,0,0
882,Test,4.493291663,0,0
883,Control,3.545165416,1,56.86
884,Test,4.044486148,0,0
885,Test,1.64028654,1,82.87
886,Control,2.846229898,1,69.31
887,Control,1.037326479,1,90.19
888,Test,1.986715458,0,0
889,Test,3.90584686,0,0
890,Control,4.967239805,0,0
891,Control,1.396712398,0,0
892,Control,2.605977263,0,0
893,Control,4.200283875,0,0
894,Control,1.816142539,0,0
895,Test,3.220339797,0,0
896,Test,3.932285184,1,58.86
897,Test,3.463941801,0,0
898,Test,1.752098938,1,72.44
899,Control,2.421538275,0,0
900,Control,4.135167138,0,0
901,Control,3.216906057,0,0
902,Test,1.020918454,0,0
903,Test,4.04396304,1,57.62
904,Control,1.14124542,0,0
905,Control,3.982935131,0,0
906,Test,1.809922241,0,0
907,Test,4.83229392,0,0
908,Control,2.471763005,0,0
909,Control,2.307726465,0,0
910,Test,1.595552201,0,0
911,Control,2.222416862,0,0
912,Control,4.506603047,0,0
913,Control,4.985337351,0,0
914,Test,2.473238122,1,73.74
915,Test,2.794442524,1,75.22
916,Test,3.888283753,0,0
917,Test,4.544783122,0,0
918,Test,3.372177337,0,0
919,Test,2.566102793,0,0
920,Test,2.650487363,1,70
921,Control,3.782472586,1,70.57
922,Control,1.012873054,0,0
923,Control,3.47835735,0,0
924,Control,2.421972042,0,0
925,Control,4.176789325,1,48.67
926,Control,1.371962559,0,0
927,Control,3.352809068,0,0
928,Test,2.92389156,0,0
929,Test,3.569302104,0,0
930,Control,1.259414378,0,0
931,Control,3.31993515,1,73.36
932,Test,3.245938352,0,0
933,Control,3.242640378,0,0
934,Control,3.413950666,0,0
935,Test,3.705871749,0,0
936,Control,4.219955999,0,0
937,Test,2.079282881,0,0
938,Control,4.300197641,0,0
939,Test,2.993022729,0,0
940,Test,1.308233117,0,0
941,Test,1.234203717,0,0
942,Control,2.336953275,1,75.51
943,Test,4.139587908,0,0
944,Control,3.830723739,0,0
945,Control,4.154459859,0,0
946,Control,3.069076226,0,0
947,Control,2.760795992,0,0
948,Test,1.589810107,0,0
949,Test,2.312771014,0,0
950,Control,2.736077465,0,0
951,Control,1.354401719,0,0
952,Test,1.882447811,1,85.47
953,Control,3.392901176,1,66.47
954,Test,3.942652457,0,0
955,Control,4.993390046,0,0
956,Control,4.732453325,0,0
957,Test,3.570260798,1,70
958,Control,2.684992213,0,0
959,Test,3.544709459,0,0
960,Control,4.142606472,0,0
961,Control,1.473344764,0,0
962,Control,2.639619559,0,0
963,Test,4.359209143,0,0
964,Control,2.535331808,0,0
965,Control,3.287489085,0,0
966,Control,3.351077443,0,0
967,Control,1.737905013,0,0
968,Test,2.448941767,0,0
969,Test,2.338045155,0,0
970,Control,1.104786834,0,0
971,Test,1.096767056,1,87.1
972,Control,4.326788175,0,0
973,Control,2.09228324,0,0
974,Control,3.072315065,0,0
975,Test,2.194902294,0,0
976,Test,4.76271698,1,46.88
977,Test,2.037187035,0,0
978,Test,2.718627251,0,0
979,Test,4.490921002,0,0
980,Test,4.367734267,0,0
981,Test,1.744405671,1,89.66
982,Test,4.210573239,1,57.33
983,Test,2.832747547,0,0
984,Control,2.931875488,0,0
985,Test,1.53391989,1,85.77
986,Test,1.322406055,1,92.95
987,Test,3.911757228,0,0
988,Test,2.985844609,0,0
989,Test,2.74740281,0,0
990,Test,3.918032915,1,55.66
991,Test,4.062051596,0,0
992,Test,1.635632671,0,0
993,Test,3.440900598,0,0
994,Test,1.541416329,0,0
995,Test,4.005500344,0,0
996,Control,3.627820625,0,0
997,Control,4.826458484,0,0
998,Test,1.275832065,0,0
999,Test,1.228218885,0,0
1000,Control,2.128748299,0,0
1001,Test,2.046822735,0,0
1002,Control,1.987915196,0,0
1003,Control,4.625018322,0,0
1004,Control,1.998184799,0,0
1005,Control,2.087798905,0,0
1006,Control,4.03759305,0,0
1007,Test,2.79895937,0,0
1008,Control,4.106842228,0,0
1009,Test,1.26146463,0,0
1010,Test,2.950284775,0,0
1011,Control,1.134454401,0,0
1012,Control,1.250612814,0,0
1013,Test,4.625749813,0,0
1014,Control,1.556981484,0,0
1015,Control,3.129682729,0,0
1016,Test,2.64438241,0,0
1017,Test,2.389373305,1,79.08
1018,Control,4.599333383,1,51.06
1019,Test,1.087293587,0,0
1020,Control,3.655158745,0,0
1021,Control,4.853577737,0,0
1022,Control,3.240672734,0,0
1023,Test,4.747289848,0,0
1024,Test,1.209031517,1,87.25
1025,Test,2.675173276,0,0
1026,Test,2.040631164,1,79.96
1027,Test,3.92328386,0,0
1028,Control,4.925188362,0,0
1029,Control,2.02612025,0,0
1030,Control,3.616698406,0,0
1031,Control,1.792390531,0,0
1032,Test,3.261321018,0,0
1033,Control,2.855729947,0,0
1034,Test,4.888021319,1,43.62
1035,Control,3.434109091,0,0
1036,Test,2.398025488,1,72.13
1037,Test,1.45638314,1,92.19
1038,Control,1.604987315,0,0
1039,Control,1.90126772,0,0
1040,Control,2.003866645,0,0
1041,Control,4.402464231,0,0
1042,Test,3.244891153,0,0
1043,Control,3.093563645,0,0
1044,Control,1.459075487,0,0
1045,Test,4.440558773,0,0
1046,Control,3.891257213,0,0
1047,Control,1.270673448,0,0
1048,Control,3.831340389,0,0
1049,Control,3.174152869,0,0
1050,Control,1.326901383,0,0
1051,Test,2.833202566,1,76.1
1052,Control,2.938785149,0,0
1053,Control,1.663098161,0,0
1054,Control,4.782792588,0,0
1055,Control,4.399901486,0,0
1056,Control,3.676089349,0,0
1057,Test,2.849182244,1,71.19
1058,Control,2.647062166,0,0
1059,Test,3.603893869,1,65.18
1060,Test,3.181727478,1,66.71
1061,Control,1.249092424,0,0
1062,Control,3.050010595,0,0
1063,Control,4.225614469,0,0
1064,Control,2.83695951,0,0
1065,Test,1.20782631,1,94.7
1066,Control,4.145112798,0,0
1067,Control,1.805455129,0,0
1068,Control,2.03448334,1,78.65
1069,Control,1.658825414,0,0
1070,Control,2.320860259,0,0
1071,Control,4.027006023,0,0
1072,Test,3.077543438,0,0
1073,Test,1.819525097,0,0
1074,Control,4.511320313,0,0
1075,Control,4.51832742,0,0
1076,Control,4.4823137,0,0
1077,Test,1.955184846,0,0
1078,Control,2.804957377,0,0
1079,Test,4.939958625,0,0
1080,Control,4.088049905,0,0
1081,Control,1.108669685,0,0
1082,Control,1.260818365,0,0
1083,Control,2.855725507,0,0
1084,Test,4.636880823,0,0
1085,Test,3.154807192,0,0
1086,Control,2.991250032,0,0
1087,Control,1.4218948,0,0
1088,Test,3.627120419,0,0
1089,Test,4.288412642,1,58.28
1090,Test,2.52168003,0,0
1091,Test,4.102447404,0,0
1092,Control,4.857906616,0,0
1093,Test,1.815065837,0,0
1094,Control,3.093318525,1,74.8
1095,Test,2.148551832,0,0
1096,Test,4.171417676,0,0
1097,Test,3.310373464,0,0
1098,Test,3.53832967,0,0
1099,Test,4.191656638,0,0
1100,Control,2.583881891,0,0
1101,Control,4.660360274,0,0
1102,Test,3.132115469,0,0
1103,Test,1.631819291,0,0
1104,Control,3.783596473,0,0
1105,Test,4.173045402,0,0
1106,Test,2.267046708,0,0
1107,Control,4.428717028,1,51.83
1108,Test,4.624573019,0,0
1109,Test,2.10761795,1,86.72
1110,Control,4.934085891,0,0
1111,Control,1.562846112,0,0
1112,Control,1.808062674,0,0
1113,Test,1.736899357,0,0
1114,Control,4.57595884,0,0
1115,Control,3.617170209,0,0
1116,Control,1.608417133,0,0
1117,Control,2.761293673,1,64.73
1118,Control,3.4611921,0,0
1119,Control,1.33385634,0,0
1120,Test,4.529665474,0,0
1121,Test,4.214414142,0,0
1122,Control,3.020827094,0,0
1123,Control,4.868506461,0,0
1124,Control,2.671043917,1,81.44
1125,Test,4.936441276,0,0
1126,Test,3.671679995,0,0
1127,Test,3.538685093,0,0
1128,Test,1.663819581,1,81.5
1129,Test,4.527711033,0,0
1130,Test,2.709958752,0,0
1131,Test,1.648933623,0,0
1132,Test,1.05043008,0,0
1133,Test,3.239022735,0,0
1134,Control,3.109598488,0,0
1135,Control,3.877414489,0,0
1136,Control,4.561032212,0,0
1137,Control,1.317626339,0,0
1138,Test,3.925985961,0,0
1139,Test,1.749647776,0,0
1140,Control,4.432708213,0,0
1141,Test,4.276254055,0,0
1142,Control,3.16317502,0,0
1143,Test,3.840971194,0,0
1144,Control,2.257400453,0,0
1145,Test,2.884671596,1,69.94
1146,Test,4.286547591,0,0
1147,Control,2.837060789,0,0
1148,Test,2.431193061,0,0
1149,Control,2.976849789,0,0
1150,Control,4.31299701,0,0
1151,Control,2.340832189,0,0
1152,Control,1.695046373,0,0
1153,Test,3.848056081,0,0
1154,Test,4.303912851,0,0
1155,Test,1.402549914,0,0
1156,Control,1.959496451,0,0
1157,Test,1.567887959,0,0
1158,Control,2.391765646,0,0
1159,Test,2.801403916,1,62.54
1160,Test,3.995305348,0,0
1161,Test,3.60459034,0,0
1162,Control,3.48371427,0,0
1163,Test,2.409499786,0,0
1164,Test,4.365790212,0,0
1165,Control,2.88514867,0,0
1166,Test,4.916419752,0,0
1167,Control,3.536568553,0,0
1168,Test,1.505058966,0,0
1169,Control,3.704710248,0,0
1170,Control,2.300416062,0,0
1171,Test,3.745308787,0,0
1172,Control,1.278564593,1,84.94
1173,Control,1.699525749,0,0
1174,Control,4.422949036,0,0
1175,Control,1.908718228,0,0
1176,Control,4.348164501,1,51.32
1177,Control,2.117104354,0,0
1178,Test,3.57152764,1,61.25
1179,Control,3.776602294,0,0
1180,Control,3.050619013,0,0
1181,Test,2.221242707,0,0
1182,Test,1.850577505,0,0
1183,Test,1.132757418,0,0
1184,Test,2.215785605,0,0
1185,Test,3.612651162,0,0
1186,Test,4.753219274,0,0
1187,Test,4.484817929,0,0
1188,Control,4.064259106,0,0
1189,Control,4.153789373,0,0
1190,Test,3.659939614,0,0
1191,Control,2.04114743,0,0
1192,Control,4.628780123,0,0
1193,Control,3.682929248,0,0
1194,Test,3.241762524,0,0
1195,Test,1.443957877,0,0
1196,Control,2.788222175,0,0
1197,Test,2.841433085,0,0
1198,Control,4.458254438,0,0
1199,Control,3.186592881,0,0
1200,Control,2.521602196,0,0
1201,Control,4.907201314,0,0
1202,Test,1.442882373,0,0
1203,Test,2.690193713,0,0
1204,Test,1.168098701,1,87.63
1205,Control,3.959616483,0,0
1206,Test,4.672306209,0,0
1207,Control,2.120149318,0,0
1208,Test,4.433366707,0,0
1209,Control,2.168872922,0,0
1210,Control,4.643080647,0,0
1211,Control,4.015847614,0,0
1212,Test,4.219627107,0,0
1213,Test,1.072026222,0,0
1214,Test,4.851241428,0,0
1215,Test,3.906683968,0,0
1216,Control,2.219004382,0,0
1217,Test,4.317578659,0,0
1218,Test,2.126084794,0,0
1219,Control,4.491015358,0,0
1220,Control,1.450321562,0,0
1221,Control,3.81474391,0,0
1222,Test,3.162793907,0,0
1223,Control,1.386137881,1,90.93
1224,Control,1.967575313,0,0
1225,Control,1.049616145,0,0
1226,Test,2.875071862,0,0
1227,Control,2.205061043,0,0
1228,Test,3.393429937,0,0
1229,Test,2.188951231,0,0
1230,Control,2.199676446,0,0
1231,Control,3.972772795,0,0
1232,Test,1.192571344,0,0
1233,Control,4.611579981,0,0
1234,Control,4.409055498,1,56.95
1235,Test,3.671218733,0,0
1236,Test,3.37288628,0,0
1237,Control,4.569209993,0,0
1238,Test,1.741320718,0,0
1239,Control,1.315876649,0,0
1240,Control,1.95804068,0,0
1241,Control,4.178313115,0,0
1242,Test,1.138681067,0,0
1243,Control,3.33122734,0,0
1244,Control,4.981750065,0,0
1245,Control,4.422784375,0,0
1246,Test,3.085782756,1,70.68
1247,Test,1.254563637,0,0
1248,Test,4.325494058,0,0
1249,Test,3.395914033,0,0
1250,Test,1.459731988,1,79.93
1251,Control,1.375429139,0,0
1252,Test,4.638507278,0,0
1253,Test,3.676801052,0,0
1254,Test,4.317147197,0,0
1255,Control,4.515915601,0,0
1256,Test,3.287089408,0,0
1257,Test,3.069785407,1,64.9
1258,Control,2.721709641,0,0
1259,Test,2.267786351,0,0
1260,Control,2.738383843,0,0
1261,Control,4.095518623,0,0
1262,Control,3.407693724,1,74.92
1263,Control,4.57009316,0,0
1264,Control,2.773520058,0,0
1265,Test,3.428358315,0,0
1266,Control,3.525230212,0,0
1267,Control,3.366788649,0,0
1268,Test,3.810535092,0,0
1269,Control,1.949733873,0,0
1270,Test,3.04945511,1,65.83
1271,Test,1.416899211,0,0
1272,Test,2.538045311,1,82.9
1273,Control,2.950668274,0,0
1274,Control,3.608897038,0,0
1275,Control,4.80212421,0,0
1276,Test,3.402604266,0,0
1277,Control,3.974375665,0,0
1278,Control,3.025064238,0,0
1279,Control,3.536416126,0,0
1280,Test,1.283728865,0,0
1281,Test,2.017566323,0,0
1282,Control,2.447412373,0,0
1283,Control,2.88997342,0,0
1284,Control,1.182594982,0,0
1285,Control,1.56009639,0,0
1286,Test,2.107257231,0,0
1287,Test,4.886130764,1,49.92
1288,Test,2.325388028,0,0
1289,Test,2.928164232,0,0
1290,Control,1.784390851,0,0
1291,Control,3.443120284,0,0
1292,Control,2.122732862,0,0
1293,Test,1.827970314,0,0
1294,Control,3.066290514,1,69.35
1295,Test,1.022023197,0,0
1296,Test,1.030656131,0,0
1297,Control,1.876275236,0,0
1298,Control,1.14688545,0,0
1299,Control,1.432103017,0,0
1300,Test,2.355442597,0,0
1301,Control,4.210342718,0,0
1302,Test,3.288194573,1,72.47
1303,Control,3.050670904,0,0
1304,Test,2.173955293,0,0
1305,Test,4.727014878,1,59.09
1306,Control,2.588060165,0,0
1307,Test,1.348371067,0,0
1308,Test,3.468266064,0,0
1309,Control,1.455353574,0,0
1310,Test,2.380892571,0,0
1311,Control,3.029647755,0,0
1312,Test,4.496890099,1,54.48
1313,Control,2.974186321,0,0
1314,Control,3.809035064,0,0
1315,Test,4.971267356,1,48.35
1316,Test,1.52595648,0,0
1317,Test,2.098926102,0,0
1318,Test,2.578304302,0,0
1319,Test,2.687312714,0,0
1320,Control,2.644084301,0,0
1321,Test,4.63044401,0,0
1322,Control,3.856130578,1,61.16
1323,Control,3.431620856,0,0
1324,Test,2.237490871,0,0
1325,Control,4.295161537,0,0
1326,Control,4.820242046,1,53.49
1327,Control,4.28479313,0,0
1328,Control,1.006260421,1,94.39
1329,Test,3.545605481,0,0
1330,Control,1.204541526,0,0
1331,Test,2.030428881,0,0
1332,Test,1.238098801,0,0
1333,Control,3.415181812,0,0
1334,Test,3.746359654,0,0
1335,Test,1.457950552,0,0
1336,Test,2.535355532,0,0
1337,Control,2.824946036,0,0
1338,Test,2.476212087,1,75.26
1339,Test,1.484100002,0,0
1340,Test,2.675791161,0,0
1341,Control,4.004712191,0,0
1342,Test,1.284030658,0,0
1343,Control,1.320720056,0,0
1344,Control,2.419085167,0,0
1345,Control,4.766902846,0,0
1346,Control,3.674290587,0,0
1347,Control,3.714679827,0,0
1348,Control,2.447679963,0,0
1349,Test,3.374643165,1,69.35
1350,Control,1.040524736,0,0
1351,Test,3.544384186,0,0
1352,Test,4.65314779,0,0
1353,Control,3.450293873,0,0
1354,Test,4.494794374,1,63.24
1355,Test,3.895892222,0,0
1356,Test,1.482233666,0,0
1357,Test,4.609813229,0,0
1358,Control,1.265775377,0,0
1359,Test,3.13586989,0,0
1360,Control,1.568548495,0,0
1361,Test,1.046826443,0,0
1362,Test,2.688137041,0,0
1363,Control,2.180162831,0,0
1364,Test,2.944001975,0,0
1365,Test,3.308799547,0,0
1366,Test,1.174956289,0,0
1367,Control,1.49201318,0,0
1368,Test,3.234569586,0,0
1369,Control,2.372669413,0,0
1370,Test,3.91669395,0,0
1371,Control,3.609166594,0,0
1372,Control,4.382417452,0,0
1373,Test,3.769971307,0,0
1374,Test,2.71972431,0,0
1375,Control,3.69186649,0,0
1376,Control,2.101524697,0,0
1377,Test,2.225253995,0,0
1378,Control,4.15594064,0,0
1379,Test,2.785678066,0,0
1380,Test,4.193521362,0,0
1381,Test,4.289689495,0,0
1382,Test,4.430249351,0,0
1383,Control,4.666540943,0,0
1384,Test,2.723940882,0,0
1385,Control,2.275467273,0,0
1386,Test,3.328794986,0,0
1387,Control,2.484689694,1,77.06
1388,Test,3.404296667,0,0
1389,Control,3.822343451,0,0
1390,Control,3.753620074,0,0
1391,Test,2.498211548,0,0
1392,Test,1.667440807,0,0
1393,Test,2.722117354,0,0
1394,Test,1.570376576,0,0
1395,Control,4.560388141,1,55.95
1396,Test,2.383509843,1,68.57
1397,Control,1.617838989,0,0
1398,Control,1.10179104,0,0
1399,Test,3.583289545,0,0
1400,Control,3.54760927,0,0
1401,Control,2.362416666,0,0
1402,Control,1.286847555,0,0
1403,Control,2.63851558,0,0
1404,Test,2.24486998,0,0
1405,Test,3.708482559,1,49.76
1406,Test,3.423116998,0,0
1407,Test,2.458374913,1,77.36
1408,Control,1.871570217,0,0
1409,Control,4.952143865,0,0
1410,Test,2.816006485,0,0
1411,Test,3.753096943,0,0
1412,Test,1.56221187,0,0
1413,Control,2.942358799,0,0
1414,Test,1.110146879,0,0
1415,Test,3.021820472,0,0
1416,Test,4.856069628,0,0
1417,Control,2.536826852,0,0
1418,Control,1.15598405,0,0
1419,Control,1.123823164,0,0
1420,Control,2.55194704,0,0
1421,Control,1.640099746,0,0
1422,Control,1.093408385,1,88.59
1423,Control,4.024854456,0,0
1424,Control,2.834092036,0,0
1425,Test,2.156979088,0,0
1426,Test,4.600332732,0,0
1427,Control,1.464555841,0,0
1428,Control,4.823675316,0,0
1429,Test,2.25586687,0,0
1430,Control,4.553614689,0,0
1431,Control,3.411771506,0,0
1432,Control,4.306829439,0,0
1433,Test,4.936052653,0,0
1434,Test,2.153621751,1,75.89
1435,Test,4.844541942,0,0
1436,Test,2.55792758,0,0
1437,Test,2.542047619,0,0
1438,Control,2.361548417,0,0
1439,Test,3.165630429,1,69.56
1440,Control,1.616580173,0,0
1441,Control,3.214845941,0,0
1442,Test,3.16681925,1,68.03
1443,Test,4.04760725,0,0
1444,Control,4.334599848,0,0
1445,Control,2.761765401,0,0
1446,Control,2.209332997,1,83.55
1447,Test,2.037339589,0,0
1448,Test,1.778495347,0,0
1449,Test,1.230590329,0,0
1450,Test,2.369791915,0,0
1451,Test,2.080990769,0,0
1452,Control,4.865669543,0,0
1453,Test,3.230835305,1,68.12
1454,Control,2.389108156,0,0
1455,Control,3.321870404,0,0
1456,Control,1.556786805,0,0
1457,Test,2.776174997,0,0
1458,Test,3.504937286,0,0
1459,Test,2.955591327,0,0
1460,Control,2.607115203,0,0
1461,Control,4.975393556,0,0
1462,Control,4.521259049,0,0
1463,Control,3.493623833,1,61.33
1464,Control,3.277509445,0,0
1465,Control,3.482641919,0,0
1466,Test,1.805248431,0,0
1467,Test,2.580550973,0,0
1468,Test,1.157838132,0,0
1469,Test,2.90218415,1,75.93
1470,Control,3.172098336,0,0
1471,Control,1.910998944,1,79.8
1472,Test,4.856115389,1,54.07
1473,Control,4.637818444,0,0
1474,Test,3.888572942,0,0
1475,Test,3.133546515,0,0
1476,Test,4.479876639,0,0
1477,Control,1.522609375,0,0
1478,Test,4.162039177,0,0
1479,Test,1.499283256,0,0
1480,Test,4.17684265,0,0
1481,Control,2.103070273,0,0
1482,Control,4.508362324,0,0
1483,Test,4.776168375,0,0
1484,Control,1.595183878,0,0
1485,Control,2.85070242,0,0
1486,Control,4.923949513,0,0
1487,Control,2.933629744,0,0
1488,Control,4.45419009,0,0
1489,Control,3.354926089,0,0
1490,Control,2.501319632,0,0
1491,Control,2.143134222,0,0
1492,Control,1.812892364,0,0
1493,Control,4.047192766,0,0
1494,Test,2.546162027,0,0
1495,Test,3.045101849,0,0
1496,Control,2.96930192,0,0
1497,Test,3.309116117,0,0
1498,Test,4.462308582,0,0
1499,Control,4.922957374,0,0
1500,Control,2.630336834,0,0
1501,Control,4.310075688,0,0
1502,Test,4.058111179,0,0
1503,Test,3.294115806,0,0
1504,Control,4.824188574,0,0
1505,Control,1.801898062,0,0
1506,Control,1.437056841,0,0
1507,Test,4.415847868,0,0
1508,Test,2.756599267,0,0
1509,Test,4.387875417,0,0
1510,Test,4.572360821,1,51.89
1511,Control,1.249830374,0,0
1512,Control,4.533859052,0,0
1513,Control,2.793276221,0,0
1514,Control,3.041729956,0,0
1515,Test,3.506370044,0,0
1516,Test,4.705530427,0,0
1517,Control,1.076464378,0,0
1518,Control,2.907373873,1,67.68
1519,Test,3.75088817,0,0
1520,Control,3.890827831,0,0
1521,Test,3.770129726,1,62.72
1522,Control,1.537740518,0,0
1523,Control,2.197582353,1,78.09
1524,Control,2.434862102,0,0
1525,Control,4.217748831,0,0
1526,Control,2.11503949,0,0
1527,Control,1.842819855,0,0
1528,Control,4.829792076,1,54.1
1529,Test,1.03545314,0,0
1530,Test,4.991283423,0,0
1531,Test,3.707285195,0,0
1532,Test,4.313877198,0,0
1533,Test,2.178477585,0,0
1534,Control,1.057261111,0,0
1535,Control,3.951478074,0,0
1536,Test,4.336578388,0,0
1537,Control,3.961904528,0,0
1538,Test,1.571401149,0,0
1539,Test,4.013711689,0,0
1540,Control,4.075691128,0,0
1541,Control,3.634162063,0,0
1542,Control,4.064463731,0,0
1543,Test,4.383685759,0,0
1544,Control,3.454416457,0,0
1545,Test,1.354418856,0,0
1546,Test,2.950511239,1,69.15
1547,Test,1.310597339,0,0
1548,Control,2.630172124,0,0
1549,Control,2.628425957,0,0
1550,Test,1.264039377,0,0
1551,Control,2.395282136,1,66.87
1552,Control,1.443992395,0,0
1553,Control,4.23294084,0,0
1554,Test,4.790752104,1,49.93
1555,Test,1.289265901,0,0
1556,Control,4.820460829,0,0
1557,Test,3.090306397,0,0
1558,Control,2.198262712,0,0
1559,Control,1.307448301,1,90.89
1560,Control,3.002497072,1,68.49
1561,Control,4.178062178,0,0
1562,Test,3.828345909,0,0
1563,Test,1.200904046,1,86.76
1564,Test,1.291607341,0,0
1565,Control,2.611493131,0,0
1566,Control,2.181161976,1,83.12
1567,Control,1.929537292,0,0
1568,Test,2.124017996,0,0
1569,Control,4.213930973,0,0
1570,Test,4.716912215,1,49.27
1571,Test,2.620410778,0,0
1572,Test,4.624444009,0,0
1573,Test,2.285982805,0,0
1574,Test,2.905747945,0,0
1575,Test,1.904115991,0,0
1576,Control,3.561904169,0,0
1577,Control,4.915924461,0,0
1578,Test,3.413972384,0,0
1579,Test,2.431256336,1,67.97
1580,Control,3.591269784,0,0
1581,Test,1.491682714,1,84.28
1582,Test,4.554636321,0,0
1583,Control,3.012335803,0,0
1584,Test,2.797398968,0,0
1585,Test,3.343459154,0,0
1586,Test,3.499135451,1,62.59
1587,Control,1.287103225,0,0
1588,Control,3.730468885,0,0
1589,Control,1.967726721,0,0
1590,Test,3.85581053,0,0
1591,Test,4.290139178,0,0
1592,Control,4.21583403,0,0
1593,Test,3.21000387,0,0
1594,Test,3.080679569,0,0
1595,Test,1.571503845,0,0
1596,Test,4.101384602,0,0
1597,Test,2.085637522,0,0
1598,Control,2.986781691,0,0
1599,Test,2.137096372,0,0
1600,Control,1.535313452,0,0
1601,Test,3.518230788,0,0
1602,Control,1.217328139,0,0
1603,Test,3.994580937,1,55.22
1604,Control,2.270347181,0,0
1605,Test,1.000538772,0,0
1606,Control,3.044516557,1,68.68
1607,Test,1.187407634,1,90.58
1608,Control,2.104678231,0,0
1609,Test,3.82790595,1,61.67
1610,Control,1.250758486,0,0
1611,Control,4.357353969,0,0
1612,Test,1.015279691,0,0
1613,Test,1.987295477,0,0
1614,Control,3.963616225,0,0
1615,Test,2.265080599,0,0
1616,Control,1.407569552,0,0
1617,Control,2.440935675,0,0
1618,Control,2.081573146,0,0
1619,Test,4.370847609,0,0
1620,Control,2.25339167,0,0
1621,Control,4.155729887,0,0
1622,Test,4.567488579,0,0
1623,Test,2.735269678,0,0
1624,Test,4.639772575,0,0
1625,Test,2.509272216,1,76.44
1626,Control,4.856313666,0,0
1627,Control,1.357158098,0,0
1628,Control,3.748077066,0,0
1629,Control,2.975256162,0,0
1630,Test,2.550595222,0,0
1631,Control,3.530847515,0,0
1632,Control,3.815428367,0,0
1633,Test,1.017453079,1,98.89
1634,Control,1.667812355,0,0
1635,Control,3.852184203,0,0
1636,Control,3.665541654,1,61.63
1637,Control,4.864190021,0,0
1638,Control,4.044151161,0,0
1639,Control,4.803090831,0,0
1640,Test,3.810162006,1,63.29
1641,Test,2.192208835,1,75.53
1642,Control,1.421459689,0,0
1643,Control,4.127295453,0,0
1644,Test,3.576596886,0,0
1645,Control,1.19274405,0,0
1646,Control,2.440201864,0,0
1647,Control,4.827199262,0,0
1648,Test,3.001604583,0,0
1649,Control,2.730916544,0,0
1650,Test,2.830798421,0,0
1651,Control,1.835530896,0,0
1652,Test,2.474828683,0,0
1653,Test,2.479253024,0,0
1654,Control,1.209420081,0,0
1655,Test,4.070270514,0,0
1656,Control,2.666017728,0,0
1657,Test,4.288719547,1,52.88
1658,Control,4.401392004,0,0
1659,Control,1.847976219,0,0
1660,Test,3.629413929,0,0
1661,Control,2.889127217,0,0
1662,Control,4.520626952,0,0
1663,Test,1.862962717,0,0
1664,Control,3.711252801,0,0
1665,Control,3.431008489,0,0
1666,Test,2.18120591,0,0
1667,Test,1.546403615,0,0
1668,Control,3.606559042,0,0
1669,Control,3.954389833,0,0
1670,Test,2.262509375,0,0
1671,Test,3.579330416,0,0
1672,Control,2.58052363,0,0
1673,Test,3.852827533,0,0
1674,Control,1.7968611,0,0
1675,Control,4.560860011,0,0
1676,Control,2.149638386,1,75.58
1677,Control,2.471143951,0,0
1678,Control,1.232367808,1,85.28
1679,Test,1.446048849,0,0
1680,Test,3.063447611,0,0
1681,Test,2.070370707,0,0
1682,Test,4.341920903,0,0
1683,Control,1.058773555,1,91.21
1684,Control,2.516376195,0,0
1685,Control,2.349382187,0,0
1686,Control,1.077310524,0,0
1687,Test,1.497473596,0,0
1688,Control,2.6545707,0,0
1689,Control,2.971458338,0,0
1690,Test,2.617158989,1,85.57
1691,Test,3.123750714,0,0
1692,Test,3.3805267,0,0
1693,Test,1.039695285,0,0
1694,Control,2.856380638,0,0
1695,Control,4.853996964,0,0
1696,Test,3.076129121,1,65.66
1697,Control,3.71016907,0,0
1698,Control,2.247455432,0,0
1699,Control,4.095965513,0,0
1700,Test,4.091685928,1,57
1701,Control,3.085184191,0,0
1702,Test,4.904055293,0,0
1703,Control,1.502200859,0,0
1704,Control,1.06779066,0,0
1705,Control,4.080632847,0,0
1706,Test,4.228622149,0,0
1707,Control,1.480828916,0,0
1708,Test,2.062331332,0,0
1709,Test,1.070209453,1,88.98
1710,Test,2.173234443,0,0
1711,Control,4.092567496,0,0
1712,Control,3.071842111,0,0
1713,Control,2.392382373,0,0
1714,Control,2.48695718,0,0
1715,Test,1.005414503,0,0
1716,Test,2.19920211,0,0
1717,Test,3.585834967,0,0
1718,Control,4.896777775,1,53.01
1719,Test,4.388243308,0,0
1720,Control,1.094379859,1,90.37
1721,Test,4.594242419,0,0
1722,Control,4.132793653,0,0
1723,Control,4.121504494,0,0
1724,Test,2.831983036,0,0
1725,Test,2.592021172,0,0
1726,Test,2.211662915,0,0
1727,Test,1.262779436,1,93.79
1728,Control,1.912941454,0,0
1729,Test,1.98641454,0,0
1730,Test,2.936308279,0,0
1731,Test,3.989777626,0,0
1732,Control,2.895239314,0,0
1733,Control,1.231377798,0,0
1734,Test,4.831159204,1,39.56
1735,Control,4.770897276,0,0
1736,Test,4.140758173,0,0
1737,Control,4.965311606,0,0
1738,Control,3.177929331,0,0
1739,Control,4.851073401,0,0
1740,Control,1.302420162,0,0
1741,Test,2.462722993,0,0
1742,Test,1.901525072,0,0
1743,Test,1.783332337,0,0
1744,Control,1.563211796,1,72.43
1745,Test,3.489654566,0,0
1746,Test,4.125287423,0,0
1747,Test,3.313193598,0,0
1748,Control,1.587850838,0,0
1749,Control,4.24449508,0,0
1750,Control,3.543818829,0,0
1751,Test,2.552662825,0,0
1752,Test,3.696521182,0,0
1753,Test,2.039619917,0,0
1754,Control,2.380768834,0,0
1755,Control,4.669943373,0,0
1756,Test,2.162018023,1,75.9
1757,Control,2.879953073,0,0
1758,Control,4.56056455,0,0
1759,Control,3.830885401,0,0
1760,Control,1.248812905,1,93
1761,Test,1.589212177,0,0
1762,Control,1.031366363,1,81.86
1763,Control,3.523687161,0,0
1764,Control,2.790693702,0,0
1765,Control,1.537099404,0,0
1766,Test,4.831736484,1,36.64
1767,Test,3.118638896,1,71.67
1768,Control,1.967573176,0,0
1769,Control,3.002414285,0,0
1770,Control,3.718481331,0,0
1771,Control,1.304956872,0,0
1772,Control,2.09881526,0,0
1773,Control,4.227861964,0,0
1774,Test,2.838659482,1,72.83
1775,Control,3.186308568,0,0
1776,Test,2.731264009,1,67.24
1777,Test,1.175599771,0,0
1778,Control,1.662999119,0,0
1779,Test,2.782166555,0,0
1780,Test,1.836741862,0,0
1781,Test,1.199916115,0,0
1782,Test,4.374598656,0,0
1783,Test,4.924770117,0,0
1784,Test,4.172571496,0,0
1785,Control,4.415139687,0,0
1786,Test,1.967908521,0,0
1787,Test,4.842507902,1,46.65
1788,Test,1.787702818,1,77.27
1789,Control,4.805719241,0,0
1790,Test,4.979277176,0,0
1791,Control,3.846891223,0,0
1792,Test,4.924574927,1,51.31
1793,Control,3.278159118,0,0
1794,Control,2.038167133,0,0
1795,Test,2.747983543,0,0
1796,Test,3.374243742,0,0
1797,Control,1.292326248,0,0
1798,Test,3.489373058,0,0
1799,Control,4.924711347,0,0
1800,Control,1.760430599,0,0
1801,Control,4.170380465,0,0
1802,Control,4.631595175,0,0
1803,Control,4.774806371,1,49.12
1804,Test,4.840542418,0,0
1805,Control,3.085838555,0,0
1806,Control,4.909231632,0,0
1807,Test,4.029240829,0,0
1808,Control,1.646685745,1,86
1809,Test,2.907600426,0,0
1810,Test,3.873324701,1,46.99
1811,Test,1.989361263,0,0
1812,Control,3.562460734,0,0
1813,Control,3.666401916,0,0
1814,Control,1.650798975,0,0
1815,Test,3.26034125,0,0
1816,Control,4.086507644,1,54.85
1817,Test,2.995582658,1,64.41
1818,Control,1.048412467,0,0
1819,Test,1.036153876,1,88.36
1820,Control,2.428117376,0,0
1821,Control,4.704776274,0,0
1822,Control,1.914707118,0,0
1823,Test,3.537454755,0,0
1824,Test,1.888303483,0,0
1825,Control,2.286679959,0,0
1826,Control,4.392168358,0,0
1827,Test,3.915445769,0,0
1828,Test,1.381597109,0,0
1829,Test,2.714808084,0,0
1830,Control,1.116679055,0,0
1831,Test,2.923560586,0,0
1832,Control,3.649736047,0,0
1833,Test,1.474010494,0,0
1834,Control,2.155539756,0,0
1835,Test,2.591346502,0,0
1836,Test,4.678124099,0,0
1837,Test,4.973020062,0,0
1838,Test,1.179645196,0,0
1839,Test,4.044031694,0,0
1840,Control,2.486896266,0,0
1841,Test,2.569832745,1,71.61
1842,Test,4.017059893,1,63.82
1843,Test,4.673705729,0,0
1844,Control,4.803714378,0,0
1845,Test,3.308490344,0,0
1846,Control,2.428484637,0,0
1847,Test,4.150196343,1,49.2
1848,Test,2.004005533,0,0
1849,Control,3.256296115,0,0
1850,Test,2.434313846,0,0
1851,Control,3.626524295,1,63.96
1852,Control,1.961595652,0,0
1853,Test,1.766371783,0,0
1854,Control,4.672956347,0,0
1855,Test,1.407214732,0,0
1856,Test,3.023831631,0,0
1857,Control,1.883411132,0,0
1858,Control,1.155719853,1,91.23
1859,Control,1.144075273,1,97.84
1860,Control,1.700887088,1,80.58
1861,Test,4.467081418,0,0
1862,Test,2.129914976,1,80.32
1863,Control,4.801836682,0,0
1864,Test,3.326489172,0,0
1865,Test,2.746456759,0,0
1866,Test,3.320355339,0,0
1867,Test,3.066793541,0,0
1868,Control,4.035105015,0,0
1869,Control,2.129984264,0,0
1870,Test,2.412201566,1,66.86
1871,Control,4.57637721,0,0
1872,Control,4.785826053,0,0
1873,Control,4.57023291,0,0
1874,Test,2.677791976,0,0
1875,Test,4.121462012,0,0
1876,Test,2.905342933,0,0
1877,Control,2.990159409,0,0
1878,Test,1.818720436,0,0
1879,Test,3.364521213,0,0
1880,Control,1.744543591,0,0
1881,Test,2.326258796,0,0
1882,Test,4.420120806,0,0
1883,Control,1.828303237,0,0
1884,Control,1.284633141,0,0
1885,Control,1.27603037,0,0
1886,Test,4.763138082,1,40.41
1887,Test,3.027681752,0,0
1888,Test,2.637648287,0,0
1889,Control,4.243514324,0,0
1890,Control,4.343303712,0,0
1891,Test,2.328764132,0,0
1892,Test,3.77447223,0,0
1893,Control,4.084491263,0,0
1894,Control,3.618602747,0,0
1895,Control,1.606380299,0,0
1896,Control,4.503532334,0,0
1897,Test,3.156378211,0,0
1898,Control,2.129889705,0,0
1899,Test,2.700912742,0,0
1900,Test,1.150284362,1,92.72
1901,Test,1.511467205,0,0
1902,Control,4.062187002,0,0
1903,Control,1.000046539,0,0
1904,Control,2.666263314,0,0
1905,Control,3.090040724,1,69.07
1906,Test,1.21853768,0,0
1907,Control,4.892312652,1,56.97
1908,Control,1.904501325,0,0
1909,Test,2.216794879,0,0
1910,Control,2.215770049,0,0
1911,Test,1.921666648,1,73.92
1912,Test,1.005895288,0,0
1913,Test,3.917379176,0,0
1914,Test,4.867381999,0,0
1915,Test,1.897173933,0,0
1916,Test,3.652188767,1,66.08
1917,Test,3.967585308,0,0
1918,Test,4.393701516,0,0
1919,Control,2.690516788,0,0
1920,Control,2.211723623,0,0
1921,Control,2.301180536,1,86.33
1922,Control,3.850485332,0,0
1923,Test,4.267117866,0,0
1924,Control,1.726455871,1,84.83
1925,Test,2.483764033,0,0
1926,Control,4.607760787,0,0
1927,Control,4.226774079,0,0
1928,Control,4.939433611,0,0
1929,Test,4.016993039,0,0
1930,Control,2.572780804,1,75.66
1931,Test,3.362551336,0,0
1932,Test,3.644057017,0,0
1933,Control,1.313823265,1,86.9
1934,Control,3.177987836,0,0
1935,Control,3.837283314,0,0
1936,Test,1.669285216,0,0
1937,Control,4.12252687,1,50.92
1938,Test,3.335091122,0,0
1939,Test,4.808887143,0,0
1940,Control,1.169689193,0,0
1941,Control,2.06130455,0,0
1942,Test,3.406215517,0,0
1943,Test,2.186239649,1,84.92
1944,Test,3.857696656,0,0
1945,Control,4.03602113,0,0
1946,Test,1.410063856,1,82.85
1947,Control,3.055417857,0,0
1948,Test,3.035562222,0,0
1949,Test,2.477123081,1,77.75
1950,Control,4.73169945,0,0
1951,Test,4.310025279,0,0
1952,Control,3.788837528,0,0
1953,Control,3.857306543,0,0
1954,Test,2.846864575,0,0
1955,Control,4.683978084,0,0
1956,Control,3.778381709,0,0
1957,Test,3.915924247,0,0
1958,Control,4.446763615,0,0
1959,Control,2.096286357,0,0
1960,Control,4.228283615,0,0
1961,Test,1.780962412,0,0
1962,Control,2.381367809,0,0
1963,Test,2.342441817,0,0
1964,Test,4.914101874,0,0
1965,Control,4.426148895,0,0
1966,Control,3.804679446,0,0
1967,Control,3.908227046,1,53.1
1968,Test,3.248291178,0,0
1969,Control,4.788362668,1,46.22
1970,Control,2.985035012,0,0
1971,Control,2.522070839,0,0
1972,Control,1.652141348,1,90.65
1973,Control,4.144822609,0,0
1974,Test,3.937775728,0,0
1975,Test,2.537420154,0,0
1976,Control,1.100773656,0,0
1977,Control,4.355989311,0,0
1978,Control,1.045671934,0,0
1979,Control,3.814799119,0,0
1980,Test,4.881028439,0,0
1981,Control,2.750645313,1,70.76
1982,Test,1.93989362,0,0
1983,Test,3.81948404,0,0
1984,Control,4.268512568,0,0
1985,Test,3.185721264,0,0
1986,Test,4.868141101,0,0
1987,Test,1.206674887,0,0
1988,Test,3.019182393,0,0
1989,Control,3.873815789,0,0
1990,Control,4.450561885,0,0
1991,Test,1.717022448,1,90.1
1992,Control,4.200013927,0,0
1993,Control,3.210828303,0,0
1994,Control,2.586214728,0,0
1995,Control,1.526860114,0,0
1996,Control,4.461183036,1,55
1997,Test,1.629092833,0,0
1998,Control,2.239151437,0,0
1999,Control,2.160182128,0,0
2000,Control,4.485656137,0,
